{"_step":0,"hit_at_10":0.47,"n_factors":47,"_wandb":{"runtime":0},"_runtime":0,"reg_all":0.013343415568646315,"lr_all":0.02695847329443868,"_timestamp":1.782867156639657e+09}