{"reg_all":0.0037554618067230598,"lr_all":0.04991311486345967,"_timestamp":1.782991862602798e+09,"_step":0,"_wandb":{"runtime":0},"_runtime":0,"hit_at_10":0.54,"n_factors":97}