{"reg_all":0.003549535657720267,"lr_all":0.021143616150181222,"_timestamp":1.7829918708584409e+09,"_wandb":{"runtime":0},"_runtime":0,"_step":0,"hit_at_10":0.46,"n_factors":92}