{"_step":0,"hit_at_10":0.56,"n_factors":64,"reg_all":0.00775704918365069,"lr_all":0.017654952983381766,"_timestamp":1.783032133292682e+09,"_wandb":{"runtime":0},"_runtime":0}