{"_runtime":0,"_timestamp":1.783031629890359e+09,"_step":0,"hit_at_10":0.55,"n_factors":64,"reg_all":0.006424061985189333,"lr_all":0.03529665903564786,"_wandb":{"runtime":0}}