{"_runtime":0,"_timestamp":1.782947496581681e+09,"_step":0,"hit_at_10":0.53,"n_factors":19,"reg_all":0.13706044920167218,"lr_all":0.028731561094984783,"_wandb":{"runtime":0}}