{"n_factors":31,"reg_all":0.4872005372918826,"lr_all":0.020793243749675536,"_wandb":{"runtime":0},"_runtime":0,"_timestamp":1.782866861458674e+09,"_step":0,"hit_at_10":0.47}