{"_step":0,"hit_at_10":0.54,"n_factors":98,"reg_all":0.005334353369227195,"lr_all":0.047607717317165996,"_timestamp":1.782991849358075e+09,"_runtime":0,"_wandb":{"runtime":0}}