{"_runtime":0,"hit_at_10":0.58,"n_factors":44,"reg_all":0.36808608148776095,"lr_all":0.01752410111812814,"_timestamp":1.782867108493689e+09,"_step":0,"_wandb":{"runtime":0}}