{"lr_all":0.030811717009051012,"_timestamp":1.783032157079934e+09,"_step":0,"hit_at_10":0.52,"n_factors":55,"_wandb":{"runtime":0},"_runtime":0,"reg_all":0.005924587739894945}