{"_step":0,"hit_at_10":0.43,"n_factors":52,"reg_all":0.013394334706750489,"lr_all":0.026312454510574512,"_timestamp":1.782991829262217e+09,"_wandb":{"runtime":0},"_runtime":0}