{"_step":0,"_wandb":{"runtime":0},"_runtime":0,"hit_at_10":0.48,"n_factors":57,"reg_all":0.002399324290681272,"lr_all":0.018033330377234345,"_timestamp":1.7829918413457e+09}