{"lr_all":0.0020366442026830914,"_timestamp":1.782947461856574e+09,"_step":0,"hit_at_10":0.49,"n_factors":85,"_wandb":{"runtime":0},"_runtime":0,"reg_all":0.003741940611118496}