{"lr_all":0.010419774745588656,"_timestamp":1.783032142646875e+09,"_wandb":{"runtime":0},"_runtime":0,"_step":0,"hit_at_10":0.5,"n_factors":56,"reg_all":0.003486835198204208}