{"lr_all":0.010880884102975583,"_timestamp":1.782947510087463e+09,"_step":0,"hit_at_10":0.48,"_wandb":{"runtime":0},"_runtime":0,"n_factors":44,"reg_all":0.015762619482967293}