{"reg_all":0.03223456480976826,"lr_all":0.04438277669999278,"_timestamp":1.7828668502882628e+09,"_runtime":0,"_wandb":{"runtime":0},"_step":0,"hit_at_10":0.5,"n_factors":96}