{"reg_all":0.012836808175706997,"lr_all":0.022161649118373622,"_timestamp":1.783032152337409e+09,"_wandb":{"runtime":0},"_runtime":0,"_step":0,"hit_at_10":0.49,"n_factors":78}