{"_wandb":{"runtime":0},"_runtime":0,"_step":0,"hit_at_10":0.52,"n_factors":66,"reg_all":0.007975543887388878,"lr_all":0.036353468142156634,"_timestamp":1.782991859489352e+09}