{"_wandb":{"runtime":0},"_runtime":0,"lr_all":0.030440188538130408,"_timestamp":1.7828671686360571e+09,"_step":0,"hit_at_10":0.55,"n_factors":34,"reg_all":0.49564657622727104}