{"hit_at_10":0.54,"n_factors":74,"reg_all":0.001136467270001117,"lr_all":0.044447541666908126,"_wandb":{"runtime":0},"_runtime":0,"_timestamp":1.782947458772893e+09,"_step":0}