{"lr_all":0.04438277669999278,"_timestamp":1.782947477856399e+09,"_step":0,"hit_at_10":0.47,"n_factors":96,"_wandb":{"runtime":0},"_runtime":0,"reg_all":0.03049999016892787}