{"hit_at_10":0.46,"n_factors":65,"reg_all":0.010067023331623185,"_wandb":{"runtime":0},"_runtime":0,"lr_all":0.01929719022148473,"_timestamp":1.783032161667764e+09,"_step":0}