{"_wandb":{"runtime":0},"_runtime":0,"hit_at_10":0.53,"n_factors":52,"reg_all":0.013394334706750489,"lr_all":0.026312454510574512,"_timestamp":1.783031605858017e+09,"_step":0}