{"reg_all":0.11443294072809745,"lr_all":0.019885333918814693,"_timestamp":1.782866863775317e+09,"_step":0,"_wandb":{"runtime":0},"_runtime":0,"hit_at_10":0.62,"n_factors":38}