{"_runtime":0,"reg_all":0.4872005372918826,"lr_all":0.020793243749675536,"_timestamp":1.78286713940338e+09,"_step":0,"hit_at_10":0.47,"n_factors":31,"_wandb":{"runtime":0}}