{"_step":0,"hit_at_10":0.46,"n_factors":92,"reg_all":0.0018891200276189384,"_runtime":0,"_wandb":{"runtime":0},"lr_all":0.013399549522183024,"_timestamp":1.7829918342795599e+09}