{"reg_all":0.013867674176842466,"lr_all":0.03250959577024043,"_timestamp":1.782991892840689e+09,"_step":0,"hit_at_10":0.59,"n_factors":82,"_wandb":{"runtime":0},"_runtime":0}