{"lr_all":0.018981875280653693,"_wandb":{"runtime":0},"_runtime":0,"_timestamp":1.782867165968956e+09,"_step":0,"hit_at_10":0.48,"n_factors":20,"reg_all":0.2189265937872008}