{"_wandb":{"runtime":0},"_runtime":0,"_step":0,"hit_at_10":0.5,"n_factors":56,"reg_all":0.039710847107924725,"lr_all":0.0011992724522955163,"_timestamp":1.782867129551174e+09}