{"_step":0,"hit_at_10":0.52,"n_factors":86,"reg_all":0.0010636066512540283,"_runtime":0,"_wandb":{"runtime":0},"lr_all":0.04763628595029448,"_timestamp":1.783032100038962e+09}