{"n_factors":76,"_wandb":{"runtime":0},"_runtime":0,"reg_all":0.005898602410432692,"lr_all":0.010776244716748864,"_timestamp":1.782991846400819e+09,"_step":0,"hit_at_10":0.54}