{"n_factors":80,"reg_all":0.012404066871939628,"_wandb":{"runtime":0},"_runtime":0,"lr_all":0.022945025242906866,"_timestamp":1.7829919008480058e+09,"_step":0,"hit_at_10":0.48}