{"lr_all":0.013085429414080753,"_timestamp":1.78286717091779e+09,"_step":0,"hit_at_10":0.69,"n_factors":45,"_wandb":{"runtime":0},"_runtime":0,"reg_all":0.08189482468309361}