{"_wandb":{"runtime":0},"_runtime":0,"n_factors":64,"reg_all":0.0026368755339723046,"lr_all":0.001840899208055253,"_timestamp":1.782866822644277e+09,"_step":0,"hit_at_10":0.45}