{"lr_all":0.031346439967555983,"_timestamp":1.7829918651359098e+09,"_step":0,"hit_at_10":0.56,"n_factors":86,"reg_all":0.0010282479250014994,"_runtime":0,"_wandb":{"runtime":0}}