{"n_factors":72,"reg_all":0.002392752876558064,"lr_all":0.02677113724214592,"_runtime":0,"_wandb":{"runtime":0},"_timestamp":1.783032107274334e+09,"_step":0,"hit_at_10":0.43}