{"lr_all":0.019885333918814693,"_wandb":{"runtime":0},"_runtime":0,"_timestamp":1.7828671418244748e+09,"_step":0,"hit_at_10":0.62,"n_factors":38,"reg_all":0.11443294072809745}