{"hit_at_10":0.58,"_wandb":{"runtime":0},"_runtime":0,"n_factors":82,"reg_all":0.008728704035714244,"lr_all":0.01647426125632464,"_timestamp":1.783031646882795e+09,"_step":0}