{"_runtime":0,"_step":0,"hit_at_10":0.52,"n_factors":85,"reg_all":0.003741940611118496,"lr_all":0.0020366442026830914,"_timestamp":1.782867118311021e+09,"_wandb":{"runtime":0}}