{"hit_at_10":0.5,"n_factors":10,"reg_all":0.43314375138888334,"lr_all":0.005590626798054346,"_timestamp":1.782947487765886e+09,"_wandb":{"runtime":0},"_runtime":0,"_step":0}