{"reg_all":0.014215538025496324,"_wandb":{"runtime":0},"_runtime":0,"lr_all":0.011317771272868583,"_timestamp":1.782947493628221e+09,"_step":0,"hit_at_10":0.5,"n_factors":36}