{"_timestamp":1.782866869568753e+09,"_step":0,"_runtime":0,"_wandb":{"runtime":0},"hit_at_10":0.53,"n_factors":41,"reg_all":0.13993313553359396,"lr_all":0.01593331181031823}