{"_step":0,"hit_at_10":0.46,"n_factors":54,"reg_all":0.06321749841862369,"lr_all":0.005373880760187149,"_timestamp":1.782866899411541e+09,"_wandb":{"runtime":0},"_runtime":0}