{"lr_all":0.0186431220569985,"_timestamp":1.782947484809254e+09,"_wandb":{"runtime":0},"_runtime":0,"_step":0,"hit_at_10":0.54,"n_factors":10,"reg_all":0.048348468303899605}