{"_runtime":0,"hit_at_10":0.47,"n_factors":52,"reg_all":0.013394334706750489,"lr_all":0.026312454510574512,"_timestamp":1.783032097582165e+09,"_step":0,"_wandb":{"runtime":0}}