{"lr_all":0.007986634247985841,"_timestamp":1.7829475156351922e+09,"_step":0,"hit_at_10":0.49,"n_factors":43,"_wandb":{"runtime":0},"_runtime":0,"reg_all":0.0018822224232083451}