{"_runtime":0,"reg_all":0.06321749841862369,"lr_all":0.005373880760187149,"_timestamp":1.7828671732434611e+09,"_step":0,"hit_at_10":0.46,"n_factors":54,"_wandb":{"runtime":0}}