{"reg_all":0.021267513606959304,"lr_all":0.03197718088371968,"_timestamp":1.782867148987347e+09,"_wandb":{"runtime":0},"_runtime":0,"_step":0,"hit_at_10":0.46,"n_factors":12}