{"n_factors":69,"reg_all":0.017254716573280357,"lr_all":0.032481928697702896,"_timestamp":1.782991823315029e+09,"_wandb":{"runtime":0},"_runtime":0,"_step":0,"hit_at_10":0.6}