{"reg_all":0.047593994040771435,"lr_all":0.008113256235815674,"_wandb":{"runtime":0},"_runtime":0,"_timestamp":1.782867178393805e+09,"_step":0,"hit_at_10":0.48,"n_factors":71}