{"n_factors":62,"reg_all":0.004755997971875975,"lr_all":0.043095355328535756,"_timestamp":1.783032119909525e+09,"_step":0,"hit_at_10":0.45,"_wandb":{"runtime":0},"_runtime":0}