{"_timestamp":1.78286685451317e+09,"_wandb":{"runtime":0},"_runtime":0,"_step":0,"hit_at_10":0.54,"n_factors":94,"reg_all":0.43775500586803917,"lr_all":0.02201790905689854}