{"_wandb":{"runtime":0},"_runtime":0,"_step":0,"hit_at_10":0.49,"n_factors":86,"reg_all":0.0010636066512540283,"lr_all":0.04763628595029448,"_timestamp":1.783031608110053e+09}