{"_wandb":{"runtime":0},"_runtime":0,"lr_all":0.006470961915748031,"_timestamp":1.782867144136224e+09,"_step":0,"hit_at_10":0.46,"n_factors":39,"reg_all":0.0727769010782127}