{"n_factors":82,"reg_all":0.003549535657720267,"_wandb":{"runtime":0},"_runtime":0,"lr_all":0.017883581034968243,"_timestamp":1.783031644713398e+09,"_step":0,"hit_at_10":0.59}