{"hit_at_10":0.51,"n_factors":56,"reg_all":0.039710847107924725,"lr_all":0.0011992724522955163,"_timestamp":1.782947474029522e+09,"_wandb":{"runtime":0},"_runtime":0,"_step":0}