{"reg_all":0.13157287601765633,"_wandb":{"runtime":0},"_runtime":0,"lr_all":0.0021839352923182973,"_timestamp":1.782866843550934e+09,"_step":0,"hit_at_10":0.52,"n_factors":51}