{"_timestamp":1.782947531336139e+09,"_step":0,"hit_at_10":0.48,"n_factors":27,"reg_all":0.07421860038364174,"_wandb":{"runtime":0},"_runtime":0,"lr_all":0.01503324659387924}