{"_runtime":0,"n_factors":74,"reg_all":0.001136467270001117,"lr_all":0.044447541666908126,"_timestamp":1.782866829262041e+09,"_step":0,"hit_at_10":0.49,"_wandb":{"runtime":0}}