{"_step":0,"_wandb":{"runtime":0},"_runtime":0,"hit_at_10":0.51,"n_factors":73,"reg_all":0.01050842133869177,"lr_all":0.013790054557672569,"_timestamp":1.782991843704405e+09}