{"reg_all":0.004129960255022426,"lr_all":0.03485008754021644,"_timestamp":1.783032125128086e+09,"_step":0,"_wandb":{"runtime":0},"_runtime":0,"hit_at_10":0.43,"n_factors":87}