{"hit_at_10":0.47,"n_factors":43,"reg_all":0.304562887149958,"lr_all":0.010275534590961583,"_timestamp":1.782867163553493e+09,"_step":0,"_wandb":{"runtime":0},"_runtime":0}