{"_wandb":{"runtime":0},"_runtime":0,"reg_all":0.0018891200276189384,"lr_all":0.013399549522183024,"_timestamp":1.783032102395495e+09,"_step":0,"hit_at_10":0.46,"n_factors":92}