{"lr_all":0.020945361811054875,"_wandb":{"runtime":0},"_runtime":0,"_timestamp":1.783032140330985e+09,"_step":0,"hit_at_10":0.52,"n_factors":67,"reg_all":0.006095910852953143}