{"hit_at_10":0.53,"_wandb":{"runtime":0},"_runtime":0,"n_factors":59,"reg_all":0.002487873441981443,"lr_all":0.02326960468194963,"_timestamp":1.7829918364317062e+09,"_step":0}