{"n_factors":32,"reg_all":0.10602441955208443,"lr_all":0.02927961296411276,"_timestamp":1.7828668844450402e+09,"_wandb":{"runtime":0},"_runtime":0,"_step":0,"hit_at_10":0.53}