{"lr_all":0.04067959132756225,"_timestamp":1.782991867923711e+09,"_step":0,"hit_at_10":0.5,"_runtime":0,"_wandb":{"runtime":0},"n_factors":67,"reg_all":0.019241549243517564}