{"_wandb":{"runtime":0},"_runtime":0,"_step":0,"hit_at_10":0.52,"n_factors":30,"reg_all":0.1932044525317411,"lr_all":0.007265082639726967,"_timestamp":1.78294750429052e+09}