{"_step":0,"hit_at_10":0.49,"n_factors":26,"reg_all":0.006624310605949983,"lr_all":0.0077901431262762414,"_timestamp":1.782947464613369e+09,"_wandb":{"runtime":0},"_runtime":0}