{"_runtime":0,"lr_all":0.018033330377234345,"_timestamp":1.783031617731717e+09,"_step":0,"hit_at_10":0.39,"n_factors":57,"reg_all":0.002399324290681272,"_wandb":{"runtime":0}}