{"_wandb":{"runtime":0},"_runtime":0,"reg_all":0.2931565161670951,"lr_all":0.016823440320376224,"_timestamp":1.782867159033483e+09,"_step":0,"hit_at_10":0.51,"n_factors":37}