{"_step":0,"hit_at_10":0.49,"n_factors":63,"_wandb":{"runtime":0},"_runtime":0,"reg_all":0.09948448241497293,"lr_all":0.013389748237036066,"_timestamp":1.78286717569199e+09}