{"hit_at_10":0.53,"n_factors":83,"reg_all":0.004837122501403545,"lr_all":0.03485008754021644,"_wandb":{"runtime":0},"_runtime":0,"_timestamp":1.782991857023749e+09,"_step":0}