{"n_factors":97,"reg_all":0.0030818540622766255,"lr_all":0.018723651337348456,"_timestamp":1.783031658372055e+09,"_runtime":0,"_wandb":{"runtime":0},"_step":0,"hit_at_10":0.45}