{"n_factors":62,"reg_all":0.01882885882056595,"lr_all":0.03037120337693996,"_timestamp":1.783031627084317e+09,"_wandb":{"runtime":0},"_runtime":0,"_step":0,"hit_at_10":0.51}