{"_timestamp":1.783032138127816e+09,"_wandb":{"runtime":0},"_runtime":0,"_step":0,"hit_at_10":0.45,"n_factors":62,"reg_all":0.008321727602086916,"lr_all":0.015946345067433913}