{"hit_at_10":0.48,"n_factors":62,"reg_all":0.01989355055293898,"lr_all":0.026601901825267185,"_timestamp":1.7830321499230359e+09,"_step":0,"_wandb":{"runtime":0},"_runtime":0}