{"reg_all":0.017254716573280357,"_wandb":{"runtime":0},"final_precision_at_1":0.5170550489699426,"_step":0,"_runtime":0,"active_eval_users":2575,"model_type":"svd","svd_precision_at_1":0.5038838230327592,"final_recall_at_1":0.5170550489699426,"_timestamp":1.7830316725070488e+09,"optuna_best_hit10":0.59,"n_factors":69,"lr_all":0.032481928697702896,"bpr_precision_at_1":0.09557581898007429}