{"_step":0,"hit_at_10":0.48,"n_factors":59,"reg_all":0.012404066871939628,"lr_all":0.031026677302238764,"_runtime":0,"_wandb":{"runtime":0},"_timestamp":1.783032164198015e+09}