{"n_factors":38,"reg_all":0.45759091117444384,"lr_all":0.021446835506796356,"_timestamp":1.782866857524649e+09,"_wandb":{"runtime":0},"_runtime":0,"_step":0,"hit_at_10":0.58}