{"_runtime":0,"reg_all":0.006109683510122491,"lr_all":0.010952662748632552,"_timestamp":1.7829474669911911e+09,"_step":0,"hit_at_10":0.55,"n_factors":49,"_wandb":{"runtime":0}}