{"_wandb":{"runtime":0},"_runtime":0,"n_factors":57,"reg_all":0.002399324290681272,"lr_all":0.018033330377234345,"_timestamp":1.783032110176915e+09,"_step":0,"hit_at_10":0.42}