{"_runtime":0,"lr_all":0.011233420271969505,"_timestamp":1.782947501741197e+09,"_step":0,"hit_at_10":0.48,"n_factors":36,"reg_all":0.068643292872858,"_wandb":{"runtime":0}}