{"_runtime":0,"_step":0,"hit_at_10":0.69,"n_factors":45,"reg_all":0.08189482468309361,"lr_all":0.013085429414080753,"_timestamp":1.782866895995628e+09,"_wandb":{"runtime":0}}