{"_wandb":{"runtime":0},"_runtime":0,"n_factors":88,"reg_all":0.0011088795945231812,"lr_all":0.04498720806679566,"_timestamp":1.782991851681893e+09,"_step":0,"hit_at_10":0.38}