{"_timestamp":1.7830316151759858e+09,"_step":0,"_wandb":{"runtime":0},"_runtime":0,"hit_at_10":0.42,"n_factors":72,"reg_all":0.002392752876558064,"lr_all":0.02677113724214592}