{"lr_all":0.0077901431262762414,"_wandb":{"runtime":0},"_runtime":0,"_timestamp":1.782867120494312e+09,"_step":0,"hit_at_10":0.51,"n_factors":26,"reg_all":0.006624310605949983}