{"_timestamp":1.782947527033848e+09,"_step":0,"hit_at_10":0.61,"_wandb":{"runtime":0},"_runtime":0,"n_factors":25,"reg_all":0.06917042404462198,"lr_all":0.013508682958815755}