{"n_factors":64,"reg_all":0.009074388339954232,"lr_all":0.02087831949693792,"_timestamp":1.783032147414452e+09,"_wandb":{"runtime":0},"_runtime":0,"_step":0,"hit_at_10":0.57}