{"_runtime":0,"_timestamp":1.783031669943715e+09,"_step":0,"hit_at_10":0.44,"n_factors":54,"reg_all":0.0013546707825809782,"lr_all":0.023122292533385595,"_wandb":{"runtime":0}}