{"hit_at_10":0.49,"n_factors":75,"reg_all":0.014672537656117299,"lr_all":0.04294206723499267,"_timestamp":1.7829918957147589e+09,"_wandb":{"runtime":0},"_runtime":0,"_step":0}