{"_runtime":0,"hit_at_10":0.42,"n_factors":87,"reg_all":0.0010207693018900962,"lr_all":0.02107618834124289,"_timestamp":1.783032122456366e+09,"_step":0,"_wandb":{"runtime":0}}