{"hit_at_10":0.46,"n_factors":44,"reg_all":0.36808608148776095,"lr_all":0.01752410111812814,"_timestamp":1.782947450226047e+09,"_wandb":{"runtime":0},"_runtime":0,"_step":0}