{"_runtime":0,"_timestamp":1.783032166591694e+09,"final_recall_at_1":0.508274231678487,"active_eval_users":2575,"lr_all":0.021399957521473768,"_wandb":{"runtime":0},"model_type":"svd","bpr_precision_at_1":0.09523809523809523,"svd_precision_at_1":0.502532928064843,"reg_all":0.0032803708102918682,"optuna_best_hit10":0.58,"n_factors":64,"final_precision_at_1":0.508274231678487,"_step":0}