{"_timestamp":1.7830316512371058e+09,"_wandb":{"runtime":0},"_runtime":0,"_step":0,"hit_at_10":0.51,"n_factors":78,"reg_all":0.002752101259531272,"lr_all":0.01647049767120183}