{"reg_all":0.0021648507153689757,"lr_all":0.015445339584577064,"_timestamp":1.783031667740551e+09,"_step":0,"hit_at_10":0.51,"n_factors":66,"_wandb":{"runtime":0},"_runtime":0}