{"n_factors":66,"reg_all":0.008107907175686959,"_wandb":{"runtime":0},"_runtime":0,"lr_all":0.01854163278819239,"_timestamp":1.7830321452028108e+09,"_step":0,"hit_at_10":0.54}