{"lr_all":0.021399957521473768,"_timestamp":1.783031634648874e+09,"_step":0,"hit_at_10":0.53,"n_factors":69,"_runtime":0,"_wandb":{"runtime":0},"reg_all":0.008963545652593531}