{"hit_at_10":0.48,"n_factors":99,"reg_all":0.001018128313143964,"lr_all":0.047607717317165996,"_timestamp":1.783032117447495e+09,"_runtime":0,"_wandb":{"runtime":0},"_step":0}