{"_runtime":0,"reg_all":0.002392752876558064,"lr_all":0.02677113724214592,"_timestamp":1.7829918386552472e+09,"_step":0,"hit_at_10":0.5,"n_factors":72,"_wandb":{"runtime":0}}