{"_timestamp":1.7828668877248042e+09,"_step":0,"hit_at_10":0.47,"_wandb":{"runtime":0},"_runtime":0,"n_factors":43,"reg_all":0.304562887149958,"lr_all":0.010275534590961583}