{"_wandb":{"runtime":0},"_runtime":0,"_step":0,"hit_at_10":0.38,"n_factors":80,"reg_all":0.0015958237752949746,"lr_all":0.012853916978930137,"_timestamp":1.783031603716526e+09}