{"_runtime":0,"hit_at_10":0.41,"n_factors":57,"reg_all":0.0017315264124266095,"lr_all":0.03225801767055316,"_timestamp":1.783031653799809e+09,"_step":0,"_wandb":{"runtime":0}}