{"hit_at_10":0.49,"_runtime":0,"_wandb":{"runtime":0},"n_factors":63,"reg_all":0.09948448241497293,"lr_all":0.013389748237036066,"_timestamp":1.782866902272528e+09,"_step":0}