{"lr_all":0.015690710821196482,"_timestamp":1.7830321544879382e+09,"_step":0,"hit_at_10":0.52,"n_factors":71,"reg_all":0.010554227628540965,"_wandb":{"runtime":0},"_runtime":0}