{"_timestamp":1.782866839600137e+09,"_step":0,"hit_at_10":0.52,"_wandb":{"runtime":0},"_runtime":0,"n_factors":22,"reg_all":0.00614454378558747,"lr_all":0.004192159350410977}