{"bpr_precision_at_1":0.09017223910840932,"lr_all":0.024993165497836832,"model_type":"svd","final_precision_at_1":0.4866599121918271,"active_eval_users":2575,"_timestamp":1.782991903037251e+09,"reg_all":0.011939222741201693,"svd_precision_at_1":0.4951030057413036,"_wandb":{"runtime":0},"optuna_best_hit10":0.61,"n_factors":82,"final_recall_at_1":0.4866599121918271,"_runtime":0,"_step":0}