{"reg_all":0.008463911052080459,"lr_all":0.030446796397025393,"_timestamp":1.782991873326228e+09,"_wandb":{"runtime":0},"_runtime":0,"_step":0,"hit_at_10":0.52,"n_factors":78}