{"_timestamp":1.782947518088104e+09,"_step":0,"hit_at_10":0.51,"n_factors":19,"_wandb":{"runtime":0},"_runtime":0,"reg_all":0.2545812082910052,"lr_all":0.004991115368286816}