{"lr_all":0.0414941702057512,"_timestamp":1.7829918758013508e+09,"_wandb":{"runtime":0},"_runtime":0,"_step":0,"hit_at_10":0.47,"n_factors":51,"reg_all":0.001470467844389708}