{"reg_all":0.2189265937872008,"lr_all":0.018981875280653693,"_timestamp":1.78286689025146e+09,"_wandb":{"runtime":0},"_runtime":0,"_step":0,"hit_at_10":0.48,"n_factors":20}