{"_timestamp":1.7828668822039301e+09,"_runtime":0,"_wandb":{"runtime":0},"_step":0,"hit_at_10":0.51,"n_factors":37,"reg_all":0.2931565161670951,"lr_all":0.016823440320376224}