{"_step":0,"hit_at_10":0.51,"n_factors":56,"_wandb":{"runtime":0},"_runtime":0,"reg_all":0.009101981138613413,"lr_all":0.0030056111221375753,"_timestamp":1.782947521283745e+09}