{"reg_all":0.007454170873871033,"lr_all":0.030622860505922656,"_timestamp":1.783031665025193e+09,"_step":0,"_wandb":{"runtime":0},"_runtime":0,"hit_at_10":0.53,"n_factors":60}