{"hit_at_10":0.61,"n_factors":25,"reg_all":0.08370204278955919,"lr_all":0.01367293818987849,"_timestamp":1.782947529149148e+09,"_wandb":{"runtime":0},"_runtime":0,"_step":0}