{"_wandb":{"runtime":0},"_runtime":0,"n_factors":51,"reg_all":0.003908251162617731,"lr_all":0.03690477597345211,"_timestamp":1.783031636901592e+09,"_step":0,"hit_at_10":0.51}