{"_runtime":0,"n_factors":63,"reg_all":0.0035375282994714874,"lr_all":0.020300713278595627,"_timestamp":1.783031631958702e+09,"_step":0,"hit_at_10":0.44,"_wandb":{"runtime":0}}