{"_runtime":0,"n_factors":69,"reg_all":0.017254716573280357,"lr_all":0.032481928697702896,"_timestamp":1.783031601153269e+09,"_step":0,"hit_at_10":0.59,"_wandb":{"runtime":0}}