{"_timestamp":1.783031648918148e+09,"_wandb":{"runtime":0},"_runtime":0,"_step":0,"hit_at_10":0.5,"n_factors":89,"reg_all":0.003966565414813987,"lr_all":0.010419774745588656}