{"lr_all":0.02201790905689854,"_timestamp":1.782867134073954e+09,"_step":0,"_wandb":{"runtime":0},"_runtime":0,"hit_at_10":0.54,"n_factors":94,"reg_all":0.43775500586803917}