{"n_factors":17,"reg_all":0.01840862397440309,"lr_all":0.003984826699793963,"_timestamp":1.782947498866744e+09,"_wandb":{"runtime":0},"_runtime":0,"_step":0,"hit_at_10":0.41}