{"_timestamp":1.782866836606821e+09,"_wandb":{"runtime":0},"_runtime":0,"_step":0,"hit_at_10":0.49,"n_factors":49,"reg_all":0.006109683510122491,"lr_all":0.010952662748632552}