{"lr_all":0.012853916978930137,"_timestamp":1.782991826194707e+09,"_step":0,"hit_at_10":0.52,"n_factors":80,"reg_all":0.0015958237752949746,"_wandb":{"runtime":0},"_runtime":0}