{"lr_all":0.010502105436744277,"_timestamp":1.782867114032372e+09,"_step":0,"_wandb":{"runtime":0},"_runtime":0,"hit_at_10":0.51,"n_factors":15,"reg_all":0.21766241123453678}