{"_wandb":{"runtime":0},"_runtime":0,"lr_all":0.01227732369920329,"_timestamp":1.78294748189737e+09,"_step":0,"hit_at_10":0.59,"n_factors":11,"reg_all":0.03361806912241238}