{"_wandb":{"runtime":0},"reg_all":0.005334353369227195,"lr_all":0.047607717317165996,"_timestamp":1.783031624687407e+09,"_step":0,"hit_at_10":0.48,"n_factors":98,"_runtime":0}