{"_step":0,"hit_at_10":0.58,"_wandb":{"runtime":0},"_runtime":0,"n_factors":67,"reg_all":0.019199297160855392,"lr_all":0.023941655858227273,"_timestamp":1.783031642001965e+09}