{"reg_all":0.01050842133869177,"lr_all":0.013790054557672569,"_timestamp":1.783032112428802e+09,"_runtime":0,"_wandb":{"runtime":0},"_step":0,"hit_at_10":0.46,"n_factors":73}