{"_runtime":0,"hit_at_10":0.48,"n_factors":92,"reg_all":0.0010164544180196213,"lr_all":0.03170089607181559,"_timestamp":1.7829918808784692e+09,"_step":0,"_wandb":{"runtime":0}}