{"_step":0,"_wandb":{"runtime":0},"_runtime":0,"hit_at_10":0.56,"n_factors":15,"reg_all":0.21766241123453678,"lr_all":0.010502105436744277,"_timestamp":1.7829474565226712e+09}