{"lr_all":0.02326960468194963,"_wandb":{"runtime":0},"_runtime":0,"_timestamp":1.7830321046522398e+09,"_step":0,"hit_at_10":0.5,"n_factors":59,"reg_all":0.002487873441981443}