{"hit_at_10":0.46,"n_factors":12,"reg_all":0.021267513606959304,"lr_all":0.03197718088371968,"_runtime":0,"_wandb":{"runtime":0},"_timestamp":1.782866872387647e+09,"_step":0}