{"_timestamp":1.783032130453867e+09,"_step":0,"hit_at_10":0.54,"n_factors":66,"_wandb":{"runtime":0},"_runtime":0,"reg_all":0.007670101956463008,"lr_all":0.018177892766963823}