{"reg_all":0.0015958237752949746,"_wandb":{"runtime":0},"_runtime":0,"lr_all":0.012853916978930137,"_timestamp":1.7830320953347478e+09,"_step":0,"hit_at_10":0.46,"n_factors":80}