{"reg_all":0.024166745869954025,"lr_all":0.026279945391009196,"_timestamp":1.782947524295393e+09,"_step":0,"_wandb":{"runtime":0},"_runtime":0,"hit_at_10":0.36,"n_factors":67}