{"reg_all":0.0013419708057270424,"lr_all":0.022033130456691707,"_timestamp":1.78303165597631e+09,"_step":0,"hit_at_10":0.52,"n_factors":84,"_wandb":{"runtime":0},"_runtime":0}