{"_wandb":{"runtime":0},"_runtime":0,"hit_at_10":0.48,"n_factors":58,"reg_all":0.0010326044830668835,"lr_all":0.03693903187380114,"_timestamp":1.78303163956162e+09,"_step":0}