{"_runtime":0,"lr_all":0.016864122881649617,"_timestamp":1.783032135472873e+09,"_step":0,"hit_at_10":0.52,"n_factors":51,"reg_all":0.003610453865349416,"_wandb":{"runtime":0}}