{"reg_all":0.0011776742676491586,"lr_all":0.030140271419959973,"_wandb":{"runtime":0},"_runtime":0,"_timestamp":1.782991878727963e+09,"_step":0,"hit_at_10":0.56,"n_factors":86}