{"_wandb":{"runtime":0},"_runtime":0,"hit_at_10":0.51,"n_factors":32,"reg_all":0.1324424371223093,"lr_all":0.019242996746703725,"_timestamp":1.7829474903873029e+09,"_step":0}