{"_wandb":{"runtime":0},"_runtime":0,"reg_all":0.01810115905798258,"lr_all":0.0359424208988167,"_timestamp":1.782991854655877e+09,"_step":0,"hit_at_10":0.46,"n_factors":63}