{"hit_at_10":0.48,"n_factors":22,"reg_all":0.00614454378558747,"lr_all":0.004192159350410977,"_wandb":{"runtime":0},"_runtime":0,"_timestamp":1.782947469525198e+09,"_step":0}