{"hit_at_10":0.52,"n_factors":73,"reg_all":0.0076585359741608286,"lr_all":0.01447991501340223,"_wandb":{"runtime":0},"_runtime":0,"_timestamp":1.782947513127531e+09,"_step":0}