{"_runtime":0,"_timestamp":1.783031662916932e+09,"_step":0,"hit_at_10":0.58,"n_factors":73,"reg_all":0.014108489890312721,"lr_all":0.040496436302523975,"_wandb":{"runtime":0}}