{"n_factors":83,"reg_all":0.0014317886642790368,"lr_all":0.019208698415481736,"_timestamp":1.7829918837807941e+09,"_wandb":{"runtime":0},"_runtime":0,"_step":0,"hit_at_10":0.51}