{"lr_all":0.001840899208055253,"_timestamp":1.782947453859007e+09,"_wandb":{"runtime":0},"_runtime":0,"_step":0,"hit_at_10":0.48,"n_factors":64,"reg_all":0.0026368755339723046}