{"n_factors":62,"reg_all":0.004852083199555709,"lr_all":0.02403889968223841,"_timestamp":1.783032159425822e+09,"_wandb":{"runtime":0},"_runtime":0,"_step":0,"hit_at_10":0.43}