{"lr_all":0.026739591189390035,"_timestamp":1.782991887270478e+09,"_wandb":{"runtime":0},"_runtime":0,"_step":0,"hit_at_10":0.53,"n_factors":71,"reg_all":0.0033142623828753427}