{"lr_all":0.024993165497836832,"_timestamp":1.782991897796287e+09,"_step":0,"hit_at_10":0.61,"n_factors":82,"_wandb":{"runtime":0},"_runtime":0,"reg_all":0.011939222741201693}