{"reg_all":0.06824035825753638,"lr_all":0.013602861546814275,"_timestamp":1.782867154417981e+09,"_step":0,"hit_at_10":0.5,"_wandb":{"runtime":0},"_runtime":0,"n_factors":58}