{"_step":0,"_runtime":0,"_wandb":{"runtime":0},"hit_at_10":0.55,"n_factors":69,"reg_all":0.0045145546769630686,"lr_all":0.026340345910385664,"_timestamp":1.783031660850817e+09}