{"lr_all":0.03870023286826859,"_timestamp":1.782991889672931e+09,"_step":0,"_wandb":{"runtime":0},"_runtime":0,"hit_at_10":0.38,"n_factors":88,"reg_all":0.001840798817486909}