{"_wandb":{"runtime":0},"_runtime":0,"_step":0,"hit_at_10":0.5,"n_factors":58,"reg_all":0.06824035825753638,"lr_all":0.013602861546814275,"_timestamp":1.782866877056802e+09}