{"_step":0,"hit_at_10":0.58,"n_factors":64,"reg_all":0.0032803708102918682,"_wandb":{"runtime":0},"_runtime":0,"lr_all":0.021399957521473768,"_timestamp":1.783032127379395e+09}