{"_runtime":0,"hit_at_10":0.51,"n_factors":10,"reg_all":0.0770590060838935,"lr_all":0.027801791239426523,"_timestamp":1.7829475072041972e+09,"_step":0,"_wandb":{"runtime":0}}