{"n_factors":67,"reg_all":0.21272258706251815,"lr_all":0.004345339686613196,"_timestamp":1.782867151782531e+09,"_wandb":{"runtime":0},"_runtime":0,"_step":0,"hit_at_10":0.42}